,0
0,7.1937466
1,6.690247
2,6.7193193
3,7.2285247
4,7.2424717
5,7.2244415
6,7.2031507
7,7.1985183
8,6.7434916
9,6.7218237
10,7.239097
11,7.273499
12,7.269257
13,7.236589
14,7.2413573
15,6.7335725
16,6.7362123
17,7.2223935
18,7.202765
19,7.1826434
20,7.2067065
21,7.166849
22,6.697617
23,6.7047462
24,6.970033
25,6.984319
26,6.986157
27,7.0107293
28,7.0134706
29,6.7159085
30,6.7223926
31,7.1693826
32,7.1740465
33,7.159282
34,7.201472
35,7.1474953
36,6.716556
37,6.7435646
38,7.15968
39,7.143166
40,7.1514106
41,7.162288
42,7.080764
43,6.680207
44,6.6940503
45,7.154621
46,7.140719
47,7.1539493
48,7.144978
49,7.136169
50,6.6577144
51,6.6893997
52,7.0804167
53,7.1050487
54,7.0970025
55,7.106505
56,7.1036816
57,6.7309723
58,6.728816
59,7.043239
60,7.0875034
61,7.0627947
62,7.076466
63,7.060495
64,6.729795
65,6.7267566
66,6.984479
67,6.984056
68,7.0040636
69,6.993563
70,6.986129
71,6.768734
72,6.7741175
73,6.9724026
74,6.9685364
75,6.993441
76,6.9890656
77,6.99372
78,6.7304196
79,6.7266603
80,6.9910636
81,7.0206504
82,7.0034456
83,6.9954643
84,7.0050035
85,6.705572
86,6.680099
87,7.007406
88,6.984601
89,6.9891043
90,6.998933
91,7.002218
92,6.745771
93,6.783523
94,7.005169
95,7.0159607
96,7.0027676
97,7.0068502
98,7.0165496
99,6.68015
100,6.667067
101,6.995585
102,6.9946423
103,7.0122333
104,6.9758534
105,7.0122204
106,6.720508
107,6.7273016
108,6.998074
109,7.0138254
110,7.008807
111,6.993657
112,7.0115066
113,6.700471
114,6.700735
115,6.9886656
116,6.981086
117,6.9939275
118,6.9927998
119,6.9975977
120,6.6999593
121,6.6793647
122,7.0478683
123,7.0153475
124,7.0184283
125,7.004544
126,7.0106893
127,6.7234697
128,6.719888
129,7.01261
130,7.0127344
131,7.0054545
132,7.0044823
133,7.018196
134,6.7533693
135,6.751244
136,6.9926662
137,7.0090394
138,7.012063
139,7.018764
140,7.0173287
141,6.6845503
142,6.707667
143,6.991906
144,6.9839735
145,7.013323
146,6.970637
147,6.993542
148,6.69633
149,6.7251916
150,7.0438085
151,7.0691996
152,7.05358
153,7.0200896
154,7.0587764
155,6.69141
156,6.694069
157,7.0199475
158,7.0346026
159,7.030125
160,7.0236087
161,7.0368495
162,6.6818523
163,6.653309
164,7.009885
165,7.0175605
166,7.020196
167,7.007362
168,7.00867
169,6.6908126
170,6.709076
171,7.0352535
172,7.023491
173,7.023758
174,7.018356
175,7.027493
176,6.6858354
177,6.688271
178,7.0844393
179,7.077967
180,7.090696
181,7.059072
182,7.0675616
183,6.705305
184,6.6974187
185,7.045596
186,7.0574174
187,7.085144
188,7.0479717
189,7.0760446
190,6.7426715
191,6.7491307
192,7.119753
193,7.1061378
194,7.133993
195,7.0941586
196,7.1151676
197,6.672668
198,6.69387
199,7.0578933
200,7.059789
201,7.0728917
202,7.060252
203,7.074307
204,6.6892247
205,6.693376
206,7.1169324
207,7.1330695
208,7.138835
209,7.1122603
210,7.1122108
211,6.740506
212,6.730672
213,7.034778
214,7.0390368
215,7.0332074
216,7.014215
217,7.0138
218,6.748238
219,6.7097545
220,7.076554
221,7.0802073
222,7.0728326
223,7.09645
224,7.082013
225,6.6768103
226,6.6825438
227,7.162434
228,7.164382
229,7.180592
230,7.1570835
231,7.175793
232,6.7606964
233,6.7751946
234,7.080367
235,7.0723286
236,7.086847
237,7.0609965
238,7.0553217
239,6.66948
240,6.672827
241,7.160048
242,7.17416
243,7.1628814
244,7.177436
245,7.1673374
246,6.726437
247,6.7260776
248,7.161501
249,7.1708856
250,7.181826
251,7.151592
252,7.1368494
253,6.6731873
254,6.702894
255,7.177981
256,7.179698
257,7.1962795
258,7.162403
259,7.1644735
260,6.7507467
261,6.762457
262,7.203917
263,7.2144012
264,7.1867466
265,7.1983376
266,7.1982484
267,6.682651
268,6.7345915
269,7.211046
270,7.2000256
271,7.2142177
272,7.2339187
273,7.2342625
274,6.7575827
275,6.739003
276,7.2422004
277,7.25268
278,7.222469
279,7.2334733
280,7.239908
281,6.796743
282,6.789385
283,7.1149945
284,7.143185
285,7.13427
286,7.1353536
287,7.1264887
288,6.702821
289,6.7218747
290,7.2166643
291,7.1193314
292,7.188067
293,7.1904135
294,7.195007
295,7.1738563
296,6.7482014
297,6.741701
298,7.21807
299,7.2204413
300,7.2644825
301,7.2128844
302,7.225321
303,6.7681108
304,6.755798
305,7.2288074
306,7.2167277
307,7.2163067
308,7.213412
309,7.218222
310,6.7818995
311,6.7879725
312,7.3244753
313,7.447753
314,7.340163
315,7.338542
316,7.3338323
317,6.7800922
318,6.7282467
319,7.355536
320,7.3585415
321,7.3820443
322,7.3736234
323,7.376698
324,6.771909
325,6.758735
326,7.2804737
327,7.2896466
328,7.278364
329,7.2877316
330,7.2912755
331,6.736253
332,6.7365413
333,7.216508
334,7.2158375
335,7.205192
336,7.216253
337,7.215595
338,6.676552
339,6.703865
340,7.244813
341,7.2346816
342,7.24737
343,7.238433
344,7.250833
345,6.8010154
346,6.768295
347,7.193627
348,7.20757
349,7.1885486
350,7.2073717
351,7.174379
352,6.753229
353,6.7605395
354,7.105693
355,7.1258698
356,7.09935
357,7.1372137
358,7.1582317
359,6.6938605
360,6.716681
361,7.2167277
362,7.202953
363,7.2037935
364,7.2065873
365,7.2096386
366,6.742014
367,6.7365913
368,7.141493
369,7.181691
370,7.1125846
371,7.091444
372,7.111363
373,6.776081
374,6.7584815
375,7.1409693
376,7.1547747
377,7.125797
378,7.1224627
379,7.131487
380,6.7075496
381,6.7127748
382,7.1157494
383,7.103458
384,7.0987973
385,7.0818996
386,7.1083155
387,6.6763215
388,6.6714005
389,7.0608635
390,7.0590467
391,7.0642405
392,7.101603
393,7.0972958
394,6.7131486
395,6.7206607
396,7.08007
397,7.083343
398,7.0661526
399,7.0763373
400,7.1134634
401,6.695923
402,6.703952
403,7.063686
404,7.0539
405,7.039254
406,7.038244
407,7.060876
408,6.6382003
409,6.63512
410,7.1747575
411,7.1778684
412,7.1877804
413,7.1476727
414,7.1744337
415,6.6818733
416,6.7044287
417,7.0835114
418,7.0754733
419,7.0521827
420,7.0681214
421,7.061404
422,6.7790594
423,6.7588263
424,7.0363073
425,7.0369115
426,7.0480814
427,7.0724106
428,7.057321
429,6.7020183
430,6.6870475
431,7.016577
432,7.005121
433,7.0003786
434,7.034787
435,7.002586
436,6.678913
437,6.6808014
438,6.9968233
439,6.9965916
440,7.0213666
441,6.99687
442,7.0012035
443,6.749421
444,6.7377677
445,6.950479
446,6.9526806
447,6.9710717
448,6.955611
449,6.9741154
450,6.6799774
451,6.672739
452,7.0111337
453,7.003277
454,6.9944363
455,6.985377
456,6.9937725
457,6.7454824
458,6.7342057
459,7.085489
460,7.051933
461,6.9945054
462,7.053858
463,7.0636044
464,6.6753645
465,6.7111435
466,6.992612
467,6.97338
468,7.0187607
469,6.970337
470,6.983613
471,6.6858907
472,6.6719556
473,7.0036483
474,6.979342
475,6.996489
476,6.994923
477,6.985781
478,6.646558
479,6.6732645
480,7.0267186
481,7.0186367
482,7.021177
483,7.038213
484,7.0279064
485,6.7769675
486,6.728945
487,7.014492
488,6.987666
489,7.0004597
490,6.966996
491,6.994858
492,6.684518
493,6.7044806
494,6.9807825
495,6.945419
496,6.9730206
497,6.9762883
498,6.988927
499,6.7207875
500,6.7297754
501,7.0412703
502,7.025172
503,7.0049734
504,7.0398474
505,7.023234
506,6.70908
507,6.677016
508,7.0492244
509,7.018231
510,7.017332
511,7.026637
512,6.9985356
513,6.660387
514,6.6517153
515,7.0175676
516,7.0207467
517,7.0261517
518,7.012369
519,7.0342064
520,6.677292
521,6.6705294
522,7.087065
523,7.0915747
524,7.0617065
525,7.0568767
526,7.0821767
527,6.716015
528,6.7135425
529,6.9548903
530,6.9613657
531,6.9728355
532,6.9695673
533,6.9925957
534,6.6909966
535,6.757809
536,7.0189333
537,7.0208626
538,7.028554
539,7.0129037
540,7.024058
541,6.8099666
542,6.7471337
543,7.040573
544,7.0379863
545,7.026466
546,7.019952
547,7.0288544
548,6.7298737
549,6.74034
550,7.013213
551,7.042525
552,7.0461316
553,7.052728
554,7.03356
555,6.7277303
556,6.7365417
557,7.0270114
558,7.0384474
559,7.052914
560,7.0497756
561,7.062694
562,6.601175
563,6.676466
564,7.03212
565,7.0460367
566,7.057108
567,7.0817094
568,7.0383854
569,6.7358756
570,6.7203813
571,7.1132708
572,7.0938663
573,7.089893
574,7.101265
575,7.1019654
576,6.7522917
577,6.751588
578,7.0420723
579,7.042436
580,7.0373654
581,7.0562086
582,7.046336
583,6.7456884
584,6.733848
585,7.0347795
586,7.045173
587,7.0308805
588,7.023535
589,7.025769
590,6.7035527
591,6.696657
592,7.1760526
593,7.1545463
594,7.160842
595,7.1569033
596,7.143694
597,6.7558994
598,6.7289495
599,7.047708
600,7.0848904
601,7.0677404
602,7.0651536
603,7.083174
604,6.602257
605,6.614247
606,7.174659
607,7.182741
608,7.1750627
609,7.1739583
610,7.175999
611,6.7479663
612,6.7319837
613,7.138677
614,7.1674743
615,7.1316857
616,7.129342
617,7.1239953
618,6.760563
619,6.7190638
620,7.221337
621,7.209232
622,7.2113805
623,7.246477
624,7.212558
625,6.760214
626,6.7203884
627,7.3440447
628,7.3171625
629,7.3462105
630,7.3558993
631,7.336653
632,6.6450033
633,6.6489344
634,7.1439223
635,7.1439066
636,7.1400547
637,7.142114
638,7.1445274
639,6.72855
640,6.7456765
641,7.182277
642,7.211343
643,7.219322
644,7.205173
645,7.2079587
646,6.6439505
647,6.6225333
648,7.0723968
649,7.086767
650,7.084646
651,7.111403
652,7.056208
653,6.803739
654,6.8175955
655,7.244993
656,7.0767655
657,7.2259984
658,7.242478
659,7.230047
660,7.2262015
661,6.771528
662,6.747226
663,7.202348
664,7.1878047
665,7.2083907
666,7.1929607
667,7.1910157
668,6.7107944
669,6.721664
670,7.390748
671,7.374501
672,7.39269
673,7.3880863
674,7.3654695
675,6.801212
676,6.779999
677,7.361092
678,7.368384
679,7.3669286
680,7.3696294
681,7.371842
682,6.8354607
683,6.79115
684,7.343912
685,7.352327
686,7.34865
687,7.352843
688,7.3603787
689,6.751298
690,6.742887
691,7.2319283
692,7.247794
693,7.2343874
694,7.2494645
695,7.2639337
696,6.7164345
697,6.7289243
698,7.407266
699,7.40131
700,7.395227
701,7.4074907
702,7.4078283
703,6.735972
704,6.741821
705,7.2653894
706,7.3117123
707,7.2659116
708,7.2443333
709,7.255481
710,6.794464
711,6.7368474
712,7.3260245
713,7.315554
714,7.315396
715,7.317711
716,7.2977743
717,6.729268
718,6.7086353
719,7.215546
720,7.214467
721,7.2153177
722,7.2095175
723,7.2049503
724,6.786377
725,6.7555685
726,7.2865815
727,7.306725
728,7.291402
729,7.2992435
730,7.294299
731,6.6999526
732,6.70166
733,7.2944655
734,7.3033714
735,7.29183
736,7.288319
737,7.2933407
738,6.7133994
739,6.7148433
740,7.309049
741,7.296782
742,7.3136396
743,7.2743115
744,7.30799
745,6.712741
746,6.7029977
747,7.115496
748,7.1018844
749,7.127251
750,7.100434
751,7.0996194
752,6.7072697
753,6.7133865
754,7.1306415
755,7.127764
756,7.1181183
757,7.145578
758,7.144976
759,6.7810493
760,6.7431307
761,7.186764
762,7.190261
763,7.1694465
764,7.1604
765,7.147328
766,6.686321
767,6.70619
768,7.1456413
769,7.1241827
770,7.1161165
771,7.124085
772,7.1486115
773,6.7455134
774,6.706285
775,7.156562
776,7.1318007
777,7.158473
778,7.1129613
779,7.137418
780,6.756915
781,6.738599
782,7.198547
783,7.164388
784,7.155557
785,7.1641903
786,7.1432195
787,6.7185826
788,6.7199388
789,7.1805525
790,7.212437
791,7.203452
792,7.194103
793,7.140617
794,6.7617865
795,6.7831974
796,6.9855685
797,6.9869475
798,7.0068974
799,7.0673923
800,6.9930625
801,6.631395
802,6.6507215
803,7.038511
804,7.0377455
805,7.0585637
806,7.054701
807,7.0391335
808,6.7568107
809,6.731649
810,7.01914
811,7.0017056
812,7.0283527
813,7.006849
814,7.005822
815,6.6545377
816,6.693755
817,7.0158043
818,7.0211105
819,7.034165
820,7.014156
821,7.0135922
822,6.728537
823,6.7222133
824,6.988146
825,6.9998
826,6.9916115
827,7.004533
828,7.003836
829,6.7339797
830,6.722748
831,7.038161
832,7.050121
833,7.0463204
834,7.036499
835,7.037534
836,6.780521
837,6.7604933
838,7.0944653
839,7.0448585
840,7.073933
841,7.0756764
842,7.0685854
843,6.7373238
844,6.7653246
845,7.032856
846,7.017009
847,7.0431943
848,7.0285363
849,7.040231
850,6.7429876
851,6.719116
852,7.001316
853,7.0004454
854,7.004757
855,6.9913964
856,6.9904833
857,6.6408796
858,6.7074575
859,7.027421
860,7.014372
861,7.00911
862,7.0017986
863,7.001815
864,6.726827
865,6.743913
866,7.0314274
867,7.031135
868,7.0302167
869,7.0317845
870,7.036411
871,6.7316575
872,6.7320595
873,6.9782495
874,6.973603
875,6.955315
876,6.9815197
877,6.9855833
878,6.6920004
879,6.682203
880,7.004113
881,7.023535
882,7.017828
883,7.0171747
884,7.005783
885,6.741316
886,6.7553368
887,6.989995
888,6.979764
889,6.987954
890,6.997474
891,6.9777756
892,6.645095
893,6.6816816
894,7.040698
895,7.047576
896,7.059703
897,7.0511384
898,7.062263
899,6.8548765
900,6.7668147
901,7.036762
902,7.025742
903,7.0238285
904,7.0222282
905,7.0319314
906,6.6758943
907,6.6778803
908,7.044753
909,7.0476193
910,7.0615716
911,7.0568237
912,7.0339217
913,6.7297616
914,6.7233047
915,7.0557594
916,7.0421715
917,7.0494933
918,7.1009507
919,7.0547466
920,6.6793647
921,6.6880336
922,6.992021
923,7.0102515
924,7.0130177
925,7.010046
926,7.0110784
927,6.7471733
928,6.6820145
929,7.031393
930,7.043042
931,7.0053034
932,7.044628
933,7.036814
934,6.7158656
935,6.71194
936,7.131784
937,7.139602
938,7.151443
939,7.1441007
940,7.151721
941,6.8048944
942,6.7686996
943,6.984112
944,6.9736166
945,7.02359
946,7.018296
947,6.979382
948,6.661634
949,6.6737385
950,7.0627584
951,7.0783734
952,7.057988
953,7.0767245
954,7.065883
955,6.7309685
956,6.7306085
957,7.1164417
958,7.1098356
959,7.10238
960,7.088917
961,7.092706
962,6.739886
963,6.7539406
964,7.0870805
965,7.078354
966,7.11205
967,7.0926113
968,7.060322
969,6.696533
970,6.726131
971,7.2382483
972,7.1948547
973,7.204515
974,7.1970425
975,7.2174563
976,6.7603736
977,6.7338
978,7.1178427
979,7.155575
980,7.123087
981,7.12131
982,7.1139846
983,6.739569
984,6.7605095
985,7.1861653
986,7.2121844
987,7.187391
988,7.1852427
989,7.1967573
990,6.7079363
991,6.716977
992,7.3244967
993,7.3339734
994,7.315185
995,7.352586
996,7.341669
997,6.747353
998,6.751055
999,7.178886
1000,7.182057
1001,7.178165
1002,7.1566367
1003,7.203131
1004,6.7784824
1005,6.7745423
1006,7.3014784
1007,7.284019
1008,7.2938533
1009,7.279678
1010,7.2852774
1011,6.7616057
1012,6.762043
1013,7.1898675
1014,7.201955
1015,7.2040825
1016,7.2017064
1017,7.199816
1018,6.774597
1019,6.772931
1020,7.332411
1021,7.1970673
1022,7.221681
1023,7.231754
1024,7.209979
1025,7.218656
1026,6.799948
1027,6.7751102
1028,7.2051396
1029,7.1903086
1030,7.19075
1031,7.21005
1032,7.191372
1033,6.7968173
1034,6.804262
1035,7.3757615
1036,7.3693867
1037,7.3681483
1038,7.3623433
1039,7.373578
1040,6.794048
1041,6.7867026
1042,7.504824
1043,7.5203414
1044,7.4960814
1045,7.5121856
1046,7.500624
1047,6.7471733
1048,6.760797
1049,7.399284
1050,7.395848
1051,7.4029713
1052,7.4104085
1053,7.39107
1054,6.7272205
1055,6.753738
1056,7.2909646
1057,7.3074336
1058,7.282005
1059,7.2879224
1060,7.2869835
1061,6.850719
1062,6.8079123
1063,7.29006
1064,7.320597
1065,7.3034487
1066,7.299008
1067,7.2902427
1068,6.741415
1069,6.744088
1070,7.3256497
1071,7.3131547
1072,7.316486
1073,7.2986417
1074,7.305857
1075,6.6994195
1076,6.7145896
1077,7.2683043
1078,7.251184
1079,7.2736926
1080,7.249481
1081,7.2842727
1082,6.6776385
1083,6.6900535
1084,7.1886473
1085,7.1763287
1086,7.1569915
1087,7.1665506
1088,7.1600432
1089,6.703947
1090,6.717075
1091,7.2696176
1092,7.2977633
1093,7.286191
1094,7.273727
1095,7.2912426
1096,6.729499
1097,6.763143
1098,7.2769756
1099,7.329499
1100,7.257692
1101,7.251656
1102,7.2000165
1103,6.695689
1104,6.7032633
1105,7.222918
1106,7.226721
1107,7.19367
1108,7.175495
1109,7.175358
1110,6.7327332
1111,6.7603636
1112,7.143364
1113,7.158849
1114,7.160368
1115,7.1753693
1116,7.153862
1117,6.7248216
1118,6.726599
1119,7.0519176
1120,7.0738964
1121,7.06391
1122,7.052121
1123,7.0623217
1124,6.7262306
1125,6.727879
1126,7.1153345
1127,7.084258
1128,7.091647
1129,7.0653553
1130,7.052066
1131,6.724876
1132,6.742648
1133,7.0412464
1134,7.0540843
1135,7.038645
1136,7.06937
1137,7.065819
1138,6.700107
1139,6.691624
1140,7.1270423
1141,7.1131077
1142,7.091772
1143,7.097278
1144,7.1138296
1145,6.7276344
1146,6.724135
1147,7.1720805
1148,7.1789255
1149,7.1823087
1150,7.1541557
1151,7.183574
1152,6.740186
1153,6.7404237
1154,7.138403
1155,7.139666
1156,7.1382074
1157,7.143815
1158,7.1312633
1159,6.7082434
1160,6.7243834
1161,7.0156054
1162,7.0295606
1163,6.9898815
1164,7.0025797
1165,7.002833
1166,6.700646
1167,6.722656
1168,7.0786877
1169,7.094162
1170,7.0623946
1171,7.0939393
1172,7.087766
1173,6.677177
1174,6.7018366
1175,7.0114236
1176,7.008128
1177,7.0034156
1178,7.0017824
1179,7.026184
1180,6.746316
1181,6.7169943
1182,6.998973
1183,7.0173907
1184,6.998154
1185,6.981137
1186,6.9829984
1187,6.648692
1188,6.6747894
1189,7.0064087
1190,7.015209
1191,6.994125
1192,7.0084376
1193,7.0042577
1194,6.761219
1195,6.7438974
1196,6.8986387
1197,6.9651875
1198,6.940607
1199,6.957537
1200,6.957351
1201,6.7869916
1202,6.7538214
1203,7.0386143
1204,7.051048
1205,7.0411453
1206,7.0233316
1207,7.027058
1208,6.74664
1209,6.7749653
1210,6.9883313
1211,6.9997554
1212,6.9878955
1213,6.9675055
1214,6.995726
1215,6.6241083
1216,6.641464
1217,7.0575976
1218,7.042416
1219,7.0403686
1220,7.010923
1221,7.0527296
1222,6.6869493
1223,6.6967955
1224,6.9946957
1225,7.0274544
1226,7.0024734
1227,6.995615
1228,7.000987
1229,6.6758018
1230,6.691678
1231,7.028842
1232,7.021157
1233,7.0199575
1234,7.0250416
1235,7.03324
1236,6.720867
1237,6.684047
1238,6.9764433
1239,6.9905515
1240,7.0019283
1241,7.011039
1242,6.9941616
1243,6.704348
1244,6.726261
1245,7.024586
1246,7.0333056
1247,7.022014
1248,7.030551
1249,7.0419645
1250,6.696814
1251,6.6878543
1252,7.005574
1253,6.9920363
1254,6.98854
1255,7.0155077
1256,7.014379
1257,6.6443815
1258,6.653983
1259,7.0595407
1260,7.0152764
1261,7.0455008
1262,7.0538073
1263,7.040991
1264,6.7881937
1265,6.773888
1266,7.016429
1267,6.985548
1268,6.9781375
1269,6.9910636
1270,7.026902
1271,6.665303
1272,6.698096
1273,7.048067
1274,7.0423417
1275,7.0516987
1276,7.0354495
1277,7.0555754
1278,6.73991
1279,6.7182484
1280,7.087352
1281,7.066466
1282,7.093811
1283,7.0936594
1284,7.077347
1285,6.729072
1286,6.721459
1287,7.011049
1288,7.019543
1289,7.025711
1290,7.0308475
1291,7.075318
1292,6.7972507
1293,6.7641478
1294,7.047731
1295,7.030518
1296,7.0515356
1297,7.089107
1298,7.044562
1299,6.7936625
1300,6.7373166
1301,7.088388
1302,7.0749145
1303,7.088331
1304,7.0995107
1305,7.119681
1306,6.5894322
1307,6.6269536
1308,7.086098
1309,7.10213
1310,7.1267595
1311,7.1074843
1312,7.113073
1313,6.719015
1314,6.723505
1315,7.0666575
1316,7.06523
1317,7.05696
1318,7.070308
1319,7.063889
1320,6.6636453
1321,6.670439
1322,7.2565236
1323,7.236606
1324,7.2529306
1325,7.235686
1326,7.24283
1327,6.7541237
1328,6.7487516
1329,7.1581206
1330,7.1612315
1331,7.161261
1332,7.1667128
1333,7.1687293
1334,6.7640066
1335,6.7587576
1336,7.3533998
1337,7.3455577
1338,7.354398
1339,7.3654633
1340,7.362535
1341,6.7593393
1342,6.7543573
1343,7.2252607
1344,7.233977
1345,7.217408
1346,7.2273407
1347,7.2224846
1348,6.733659
1349,6.7530127
1350,7.2593994
1351,7.2626553
1352,7.2573404
1353,7.252056
1354,7.263793
1355,6.618128
1356,6.6500807
1357,7.361678
1358,7.3563147
1359,7.3449593
1360,7.3535223
1361,7.3550415
1362,6.729951
1363,6.7047796
1364,7.1927333
1365,7.1742344
1366,7.2104692
1367,7.1899033
1368,7.19392
1369,6.742091
1370,6.75301
1371,7.326967
1372,7.30102
1373,7.3038187
1374,7.3354115
1375,7.3279266
1376,6.6892433
1377,6.7064834
1378,7.223455
1379,7.210085
1380,7.2056746
1381,7.2245674
1382,7.219078
1383,6.7839427
1384,6.757421
1385,7.3395004
1386,7.219761
1387,7.3176355
1388,7.316227
1389,7.319875
1390,7.3205295
1391,6.7245755
1392,6.724934
1393,7.374457
1394,7.361473
1395,7.372058
1396,7.37229
1397,7.380195
1398,6.731811
1399,6.7419453
1400,7.2628503
1401,7.2973065
1402,7.277535
1403,7.2627835
1404,7.274484
1405,6.7996564
1406,6.7627635
1407,7.254887
1408,7.2507663
1409,7.273485
1410,7.2442083
1411,7.2500043
1412,6.7415853
1413,6.729374
1414,7.317148
1415,7.3042274
1416,7.315205
1417,7.294742
1418,7.2905283
1419,6.733215
1420,6.7586846
1421,7.371703
1422,7.343686
1423,7.3742347
1424,7.359161
1425,7.3659005
1426,6.77895
1427,6.7547517
1428,7.3701363
1429,7.349976
1430,7.361054
1431,7.38018
1432,7.384949
1433,6.8038216
1434,6.7760115
1435,7.332167
1436,7.31953
1437,7.3489666
1438,7.3304462
1439,7.3233414
1440,6.813566
1441,6.7939973
1442,7.350215
1443,7.3452044
1444,7.3652196
1445,7.357009
1446,7.3567095
1447,6.787896
1448,6.769874
1449,7.1573324
1450,7.125742
1451,7.1637
1452,7.133497
1453,7.1475234
1454,6.7193985
1455,6.716516
1456,7.349076
1457,7.3365507
1458,7.332146
1459,7.340869
1460,7.336955
1461,6.712851
1462,6.726025
1463,7.2818046
1464,7.295169
1465,7.286641
1466,7.270399
1467,7.260193
1468,6.782503
1469,6.7772408
1470,7.2418504
1471,7.2370934
1472,7.2567997
1473,7.2598343
1474,7.2272105
1475,6.7647276
1476,6.7274113
1477,7.177053
1478,7.133478
1479,7.1398335
1480,7.1596956
1481,7.152903
1482,6.7622037
1483,6.740822
1484,7.1027775
1485,7.0975823
1486,7.111589
1487,7.0952215
1488,7.1400924
1489,6.684427
1490,6.7108707
1491,7.192254
1492,7.215031
1493,7.19892
1494,7.163504
1495,7.177628
1496,6.785782
1497,6.7176337
1498,7.018432
1499,7.013911
1500,7.009124
1501,7.0280743
1502,7.009975
1503,6.663991
1504,6.700151
1505,7.129299
1506,7.146103
1507,7.1122293
1508,7.0974393
1509,7.1120324
1510,6.7335243
1511,6.7476954
1512,7.197297
1513,7.184801
1514,7.123454
1515,7.1706834
1516,7.1653075
1517,6.772491
1518,6.72168
1519,7.1298018
1520,7.1286993
1521,7.1216345
1522,7.1362123
1523,7.1215425
1524,6.6858096
1525,6.678465
1526,7.0321064
1527,7.0312495
1528,7.042326
1529,7.005588
1530,7.023552
1531,6.720967
1532,6.697381
1533,7.079216
1534,7.0715494
1535,7.0772824
1536,7.034029
1537,7.0511723
1538,6.7410626
1539,6.732057
1540,7.0718336
1541,7.0844755
1542,7.0689125
1543,7.036002
1544,7.077715
1545,6.7276683
1546,6.752522
1547,7.042163
1548,7.0579433
1549,7.0495343
1550,7.054865
1551,7.032674
1552,6.760994
1553,6.740614
1554,6.986772
1555,6.9979486
1556,6.9961967
1557,6.9932847
1558,6.986254
1559,6.7169914
1560,6.728232
1561,7.053279
1562,7.0228496
1563,7.032256
1564,7.0283256
1565,6.972533
1566,6.7273374
1567,6.722081
1568,7.05124
1569,7.028675
1570,7.0486946
1571,7.0140533
1572,7.0411773
1573,6.698142
1574,6.7197423
1575,7.0158772
1576,6.99322
1577,6.995613
1578,6.984949
1579,7.0223503
1580,6.7062483
1581,6.7142687
1582,6.9731526
1583,6.9796896
1584,6.9892497
1585,6.981855
1586,6.994033
1587,6.71685
1588,6.7405443
1589,7.019709
1590,7.0174584
1591,7.022805
1592,6.995041
1593,7.0243826
1594,6.7236304
1595,6.7213974
1596,7.038628
1597,7.0636463
1598,7.0369806
1599,7.06065
1600,7.0507174
1601,6.709589
1602,6.718561
1603,7.009929
1604,7.0261602
1605,7.0306487
1606,6.999236
1607,7.005615
1608,6.7326097
1609,6.7292247
1610,6.987129
1611,7.007774
1612,7.0065565
1613,7.009054
1614,7.0024953
1615,6.67032
1616,6.6971283
1617,7.0379333
1618,7.0182276
1619,7.0484896
1620,7.037136
1621,7.0513377
1622,6.7390976
1623,6.712304
1624,6.992943
1625,6.989732
1626,7.060989
1627,6.989575
1628,6.988438
1629,6.637714
1630,6.639901
1631,7.0498185
1632,7.042494
1633,7.020041
1634,7.034766
1635,7.0496645
1636,6.688087
1637,6.672907
1638,7.0644846
1639,7.0707755
1640,7.0473046
1641,7.05109
1642,7.047928
1643,6.7242026
1644,6.7064323
1645,6.9975123
1646,6.9927406
1647,7.0164146
1648,7.0162563
1649,7.0116706
1650,6.7425113
1651,6.723573
1652,7.002193
1653,7.037825
1654,7.012766
1655,7.0206413
1656,7.0328336
1657,6.7957716
1658,6.737651
1659,7.0967097
1660,7.0897565
1661,7.0950546
1662,7.085134
1663,7.09006
1664,6.7682796
1665,6.720139
1666,7.0979652
1667,7.1055646
1668,7.12092
1669,7.1151786
1670,7.117382
1671,6.712458
1672,6.7117867
1673,7.0690928
1674,7.0788636
1675,7.0799522
1676,7.0918674
1677,7.0761666
1678,6.6670933
1679,6.684403
1680,7.0409837
1681,7.0531206
1682,7.019004
1683,7.037866
1684,7.040051
1685,6.7144237
1686,6.700918
1687,7.0851774
1688,7.0921736
1689,7.0929117
1690,7.096921
1691,7.073815
1692,6.683351
1693,6.6818194
1694,7.128612
1695,7.121978
1696,7.14767
1697,7.1242805
1698,7.1300893
1699,6.716661
1700,6.720991
1701,7.213808
1702,7.214215
1703,7.2303214
1704,7.222571
1705,7.2496705
1706,6.7329626
1707,6.7101645
1708,7.2138085
1709,7.1944366
1710,7.196161
1711,7.185865
1712,7.201297
1713,6.834173
1714,6.79249
1715,7.1936936
1716,7.194099
1717,7.2001143
1718,7.187944
1719,7.1883187
1720,6.731052
1721,6.7279415
1722,7.2990527
1723,7.296196
1724,7.307285
1725,7.2949915
1726,7.3040566
1727,6.7074003
1728,6.7238293
1729,7.2070885
1730,7.2003727
1731,7.212933
1732,7.2028403
1733,7.196115
1734,6.830005
1735,6.7959657
1736,7.2882557
1737,7.2941694
1738,7.274306
1739,7.2716417
1740,7.2616873
1741,6.7227335
1742,6.729451
1743,7.127572
1744,7.108181
1745,7.0811357
1746,7.1166525
1747,7.099366
1748,6.73898
1749,6.7465196
1750,7.3645597
1751,7.116331
1752,7.1651497
1753,7.1344132
1754,7.1522326
1755,7.1457486
1756,6.7649293
1757,6.7323313
1758,7.23893
1759,7.235578
1760,7.2262254
1761,7.2396736
1762,7.248942
1763,6.747551
1764,6.72863
1765,7.2315106
1766,7.239287
1767,7.2438006
1768,7.260057
1769,7.24115
1770,6.7550793
1771,6.795666
1772,7.306469
1773,7.297107
1774,7.2897105
1775,7.2972684
1776,7.312103
1777,6.765685
1778,6.75961
1779,7.3485084
1780,7.3409877
1781,7.3535047
1782,7.3444686
1783,7.347229
1784,6.7928014
1785,6.7793074
1786,7.3387823
1787,7.33099
1788,7.3687077
1789,7.3441253
1790,7.3336124
1791,6.752969
1792,6.753192
1793,7.202997
1794,7.212321
1795,7.2076154
1796,7.2312427
1797,7.1966815
1798,6.7255063
1799,6.7246137
1800,7.1876106
1801,7.157555
1802,7.187294
1803,7.167525
1804,7.1728916
1805,6.7378764
1806,6.7225833
1807,7.2836165
1808,7.2964544
1809,7.2920814
1810,7.276607
1811,7.2714534
1812,6.7402725
1813,6.714122
1814,7.1473217
1815,7.1666503
1816,7.1501594
1817,7.1933484
1818,7.1666245
1819,6.6763597
1820,6.701134
1821,7.210052
1822,7.208157
1823,7.198986
1824,7.221037
1825,7.201024
1826,6.729483
1827,6.708135
1828,7.280508
1829,7.2740397
1830,7.258114
1831,7.249566
1832,7.202617
1833,6.748438
1834,6.730199
1835,7.2283373
1836,7.207961
1837,7.2073193
1838,7.193559
1839,7.190964
1840,6.667572
1841,6.70075
1842,7.100531
1843,7.096145
1844,7.0791407
1845,7.1118755
1846,7.1010895
1847,6.730231
1848,6.7378187
1849,7.043922
1850,7.040669
1851,7.0410943
1852,7.0399117
1853,7.0486703
1854,6.657412
1855,6.656454
1856,7.0830626
1857,7.0778723
1858,7.083159
1859,7.0623655
1860,7.08101
1861,6.6485367
1862,6.653311
1863,7.1225944
1864,7.085016
1865,7.0926776
1866,7.0822916
1867,7.113716
1868,6.711693
1869,6.6941853
1870,7.1338654
1871,7.1110744
1872,7.0976005
1873,7.1113887
1874,7.0973787
1875,6.649136
1876,6.7009597
1877,7.1013103
1878,7.0843606
1879,7.10127
1880,7.09058
1881,7.0956373
1882,6.783064
1883,6.7643566
1884,7.0239244
1885,7.0172033
1886,7.025028
1887,7.029186
1888,7.004237
1889,6.6770344
1890,6.682095
1891,7.05932
1892,7.071026
1893,7.0803223
1894,7.083948
1895,7.0503283
1896,6.7503223
1897,6.752785
1898,7.004826
1899,7.0077314
1900,7.0251074
1901,7.021551
1902,7.0092797
1903,6.658843
1904,6.6871266
1905,6.9729753
1906,6.9857635
1907,7.0110993
1908,6.99289
1909,7.01512
1910,6.6843505
1911,6.6783414
1912,7.0422006
1913,7.022593
1914,7.0549893
1915,7.058958
1916,7.0614457
1917,6.647116
1918,6.6733623
1919,7.0377007
1920,7.007385
1921,7.038218
1922,7.034164
1923,7.012888
1924,6.8058457
1925,6.7533917
1926,7.000807
1927,7.001016
1928,7.0115237
1929,6.9993515
1930,7.0175233
1931,6.6949177
1932,6.7071347
1933,7.07739
1934,7.075841
1935,7.070349
1936,7.025198
1937,7.0547147
1938,6.785477
1939,6.7386026
1940,6.992259
1941,6.9821315
1942,7.0067353
1943,7.0012217
1944,6.999126
1945,6.7692904
1946,6.7411733
1947,7.0038733
1948,7.0079627
1949,7.024762
1950,6.9958267
1951,7.005652
1952,6.728931
1953,6.7158394
1954,7.028908
1955,7.018848
1956,7.0307956
1957,7.0542464
1958,7.0449305
1959,6.692323
1960,6.6871557
1961,6.9967303
1962,6.9990172
1963,6.9852324
1964,6.980138
1965,6.977501
1966,6.6894617
1967,6.6960692
1968,6.991264
1969,6.9939938
1970,7.0055323
1971,6.9899387
1972,7.0067964
1973,6.6756625
1974,6.655604
1975,7.0012617
1976,7.0122223
1977,7.0024185
1978,7.00052
1979,6.995052
1980,6.7040544
1981,6.714986
1982,7.0094237
1983,7.0337405
1984,7.01859
1985,7.012914
1986,7.023535
1987,6.6510158
1988,6.691342
1989,6.999719
1990,7.024573
1991,6.9914646
1992,7.0136294
1993,7.01461
1994,6.632027
1995,6.670173
1996,7.021369
1997,7.0548096
1998,7.0044003
1999,7.02091
2000,7.007571
2001,6.779612
2002,6.776379
2003,7.032822
2004,6.9924846
2005,7.0110903
2006,7.018953
2007,7.0145917
2008,6.7277365
2009,6.7318625
2010,7.0668554
2011,7.043127
2012,7.053097
2013,7.0630703
2014,7.0674567
2015,6.7344766
2016,6.727086
2017,6.99538
2018,7.0120096
2019,6.987119
2020,7.000455
2021,7.0118947
2022,6.6838026
2023,6.696513
2024,7.0825057
2025,7.0753393
2026,7.1102457
2027,7.0903597
2028,7.083717
2029,6.708363
2030,6.699619
2031,7.1255956
2032,7.115886
2033,7.120132
2034,7.1281343
2035,7.1226645
2036,6.729412
2037,6.7388887
2038,7.0228934
2039,7.0212493
2040,7.030436
2041,7.035479
2042,7.042652
2043,6.732105
2044,6.7277727
2045,7.010751
2046,7.013889
2047,6.984078
2048,7.000568
2049,6.997845
2050,6.714996
2051,6.709529
2052,7.190968
2053,7.2226315
2054,7.2159414
2055,7.226521
2056,7.219793
2057,6.6534467
2058,6.6598954
2059,7.1274347
2060,7.1412015
2061,7.126259
2062,7.1723046
2063,7.1571226
2064,6.7416525
2065,6.730017
2066,7.2094555
2067,7.210877
2068,7.1975346
2069,7.2210264
2070,7.2035785
2071,6.7219653
2072,6.6927633
2073,7.126847
2074,7.1473927
2075,7.1740017
2076,7.1347346
2077,7.153884
2078,6.6157937
2079,6.6607995
2080,7.188479
2081,7.213913
2082,7.193731
2083,7.187032
2084,7.2045493
2085,6.7535715
2086,6.7749667
2087,7.20602
2088,7.223898
2089,7.240317
2090,7.2181296
2091,7.243593
2092,6.74516
2093,6.757581
2094,7.1819434
2095,7.1951537
2096,7.2153563
2097,7.19275
2098,7.1935477
2099,6.772565
2100,6.759816
2101,7.136921
2102,7.125413
2103,7.151077
2104,7.118882
2105,7.123307
2106,6.691598
2107,6.6890993
2108,7.2060733
2109,7.2096567
2110,7.212585
2111,7.2136397
2112,7.2141747
2113,6.8052588
2114,6.7941513
2115,7.357323
2116,7.3556237
2117,7.1181884
2118,7.1537685
2119,7.109061
2120,7.1201887
2121,6.723045
2122,6.7170763
2123,7.143777
2124,7.1525564
2125,7.121089
2126,7.1322722
2127,7.143173
2128,6.721768
2129,6.710397
2130,7.2804017
2131,7.243088
2132,7.263585
2133,7.2387114
2134,7.2724156
2135,6.745191
2136,6.7449856
2137,7.392287
2138,7.402105
2139,7.407628
2140,7.4174967
2141,7.3907547
2142,6.757403
2143,6.7626214
2144,7.2643285
2145,7.2626
2146,7.2225704
2147,7.22061
2148,7.241585
2149,6.727484
2150,6.7100325
2151,7.1617374
2152,7.18102
2153,7.184032
2154,7.1763783
2155,7.167513
2156,6.730093
2157,6.748311
2158,7.2454605
2159,7.234427
2160,7.250668
2161,7.242767
2162,7.2465096
2163,6.729259
2164,6.74551
2165,7.222964
2166,7.216112
2167,7.221826
2168,7.2206388
2169,7.212086
2170,6.746965
2171,6.7722664
2172,7.200272
2173,7.204374
2174,7.2180014
2175,7.2060294
2176,7.200487
2177,6.733659
2178,6.741129
2179,7.1033587
2180,7.1270127
2181,7.1169376
2182,7.1187205
2183,7.116415
2184,6.7802825
2185,6.7200704
2186,7.209216
2187,7.1953936
2188,7.19335
2189,7.210777
2190,7.2117357
2191,6.7111473
2192,6.731546
2193,7.1835623
2194,7.1929975
2195,7.1844563
2196,7.170128
2197,7.1504073
2198,6.656423
2199,6.6907716
2200,7.2039666
2201,7.2048078
2202,7.1847243
2203,7.1933837
2204,7.1908
2205,6.729008
2206,6.748163
2207,7.177907
2208,7.165787
2209,7.1279635
2210,7.1503363
2211,7.1688485
2212,6.706561
2213,6.704021
2214,7.0716753
2215,7.082196
2216,7.096775
2217,7.0953994
2218,7.0821157
2219,6.737085
2220,6.7317224
2221,7.0482707
2222,7.062548
2223,7.030514
2224,7.046624
2225,7.0396276
2226,6.727551
2227,6.700134
2228,7.0222163
2229,7.0198417
2230,7.029953
2231,7.007082
2232,7.0318604
2233,6.7257233
2234,6.719858
2235,7.0512233
2236,7.052834
2237,7.050103
2238,7.0505595
2239,7.0323763
2240,6.706155
2241,6.7110443
2242,7.115367
2243,7.1059184
2244,7.112582
2245,7.112716
2246,7.1086454
2247,6.723798
2248,6.7346735
2249,7.0889506
2250,7.058769
2251,7.0968294
2252,7.092247
2253,7.0898814
2254,6.7459564
2255,6.696428
2256,7.0075274
2257,7.0078425
2258,7.016328
2259,7.0134425
2260,7.0173187
2261,6.7463255
2262,6.7131114
2263,6.98789
2264,7.0159845
2265,7.0313144
2266,7.008511
2267,6.9789715
2268,6.6775804
2269,6.7176776
2270,7.0075493
2271,7.020784
2272,7.005929
2273,7.013236
2274,7.0255914
2275,6.725653
2276,6.6989546
2277,7.120306
2278,7.0964036
2279,7.085882
2280,7.0765157
2281,7.09752
2282,6.642588
2283,6.727389
2284,6.94864
2285,6.9532537
2286,6.953687
2287,6.930804
2288,6.9604783
2289,6.6896443
2290,6.712924
2291,6.964992
2292,6.976685
2293,6.9741654
2294,6.981589
2295,6.977299
2296,6.7084064
2297,6.6981845
2298,6.98829
2299,6.9969144
2300,6.987467
2301,6.984042
2302,7.0247993
2303,6.7478676
2304,6.739194
2305,7.007825
2306,7.0096736
2307,7.0195665
2308,7.0209146
2309,7.0148406
2310,6.829245
2311,6.8106575
2312,7.0632224
2313,7.0517397
2314,7.085553
2315,7.0701942
2316,7.039911
2317,6.679017
2318,6.6621833
2319,6.9890804
2320,6.9750896
2321,6.9906363
2322,6.9694753
2323,6.995687
2324,6.741546
2325,6.7424984
2326,7.0205493
2327,7.005262
2328,7.0140815
2329,7.025501
2330,7.0183663
2331,6.7505064
2332,6.7250314
2333,6.997993
2334,7.014723
2335,7.0138655
2336,7.004878
2337,7.0099993
2338,6.726061
2339,6.7369795
2340,7.0127945
2341,6.9990563
2342,6.98707
2343,6.995859
2344,7.0063577
2345,6.7052994
2346,6.7236376
2347,7.0038753
2348,7.006595
2349,7.0097957
2350,7.012182
2351,6.99722
2352,6.7517905
2353,6.729007
2354,6.998933
2355,7.01625
2356,6.996395
2357,7.033274
2358,7.002464
2359,6.720071
2360,6.708348
2361,7.004896
2362,6.999843
2363,7.0182185
2364,6.990989
2365,7.0028257
2366,6.684348
2367,6.7081437
2368,6.9832067
2369,7.0077925
2370,7.0150795
2371,7.0120625
2372,6.9962907
2373,6.7509704
2374,6.7411647
2375,7.039685
2376,7.0774713
2377,7.060339
2378,7.0465355
2379,7.050448
2380,6.7157593
2381,6.707051
2382,7.0527687
2383,7.0443215
2384,7.0763373
2385,7.068386
2386,7.059159
2387,6.7029967
2388,6.7095613
2389,7.011262
2390,7.0287375
2391,7.035677
2392,7.0215297
2393,7.0275583
2394,6.7006783
2395,6.7341533
2396,7.0710306
2397,7.079709
2398,7.097231
2399,7.0880346
2400,7.0636644
2401,6.734212
2402,6.7149453
2403,7.0451202
2404,7.0487247
2405,7.051989
2406,7.0770507
2407,7.0675964
2408,6.7261553
2409,6.738793
2410,7.0524364
2411,7.041654
2412,7.0483127
2413,7.0658402
2414,7.067965
2415,6.6890182
2416,6.704753
2417,7.1186748
2418,7.0917745
2419,7.0876646
2420,7.0848804
2421,7.1098924
2422,6.8264685
2423,6.79719
2424,7.086203
2425,7.110495
2426,7.099947
2427,7.1216965
2428,7.1236877
2429,6.7362127
2430,6.7409163
2431,7.1361938
2432,7.165844
2433,7.149808
2434,7.153834
2435,7.1601753
2436,6.75048
2437,6.77645
2438,7.1870914
2439,7.1532655
2440,7.165366
2441,7.162972
2442,7.154046
2443,6.743305
2444,6.745082
2445,7.1913896
2446,7.1757393
2447,7.1878815
2448,7.1686454
2449,7.177129
2450,6.703489
2451,6.658079
2452,7.225496
2453,7.2063665
2454,7.2177587
2455,7.221545
2456,7.200988
2457,6.6688986
2458,6.715221
2459,7.183355
2460,7.20673
2461,7.1988487
2462,7.223078
2463,7.1943054
2464,6.726681
2465,6.7166495
2466,7.3006
2467,7.273851
2468,7.2866287
2469,7.2981954
2470,7.265398
2471,6.7511263
2472,6.76418
2473,7.1522875
2474,7.1340466
2475,7.138721
2476,7.1586866
2477,7.159442
2478,6.8133636
2479,6.7780685
2480,7.377558
2481,7.149257
2482,7.148228
2483,7.1189837
2484,7.11476
2485,7.122903
2486,6.7571025
2487,6.713625
2488,7.13093
2489,7.138096
2490,7.121277
2491,7.148699
2492,7.1419177
2493,6.7571154
2494,6.760087
2495,7.2982774
2496,7.3065486
2497,7.3036885
2498,7.3055367
2499,7.31227
2500,6.766386
2501,6.7672915
2502,7.3671236
2503,7.361216
2504,7.364471
2505,7.356745
2506,7.3476744
2507,6.751758
2508,6.7485156
2509,7.258131
2510,7.2579308
2511,7.2647552
2512,7.243956
2513,7.271638
2514,6.7975783
2515,6.79013
2516,7.2760205
2517,7.2627473
2518,7.2646995
2519,7.2825994
2520,7.2736
2521,6.751191
2522,6.745412
2523,7.2210617
2524,7.249036
2525,7.2449007
2526,7.2400866
2527,7.240269
2528,6.692711
2529,6.709621
2530,7.1300435
2531,7.159547
2532,7.138525
2533,7.1446557
2534,7.132873
2535,6.684703
2536,6.693644
2537,7.179647
2538,7.188862
2539,7.190451
2540,7.186016
2541,7.160039
2542,6.726607
2543,6.7313576
2544,7.1508594
2545,7.154426
2546,7.148486
2547,7.1333876
2548,7.128283
2549,6.7692623
2550,6.7420616
2551,7.1552725
2552,7.1529207
2553,7.147668
2554,7.153697
2555,7.1612935
2556,6.736374
2557,6.7449594
2558,7.1902633
2559,7.1951766
2560,7.194212
2561,7.195131
2562,7.1856256
2563,6.809181
2564,6.7544417
2565,7.177802
2566,7.1627183
2567,7.1341696
2568,7.186283
2569,7.1487246
2570,6.680383
2571,6.6798325
2572,7.0320983
2573,7.0435877
2574,7.027585
2575,7.044107
2576,7.019071
2577,6.748467
2578,6.7410827
2579,7.03308
2580,7.054139
2581,7.041703
2582,7.0822787
2583,7.0568805
2584,6.690496
2585,6.6905227
2586,7.1457033
2587,7.1257067
2588,7.1261573
2589,7.1357574
2590,7.1355476
2591,6.829357
2592,6.7501435
2593,7.0412893
2594,7.0214562
2595,7.014053
2596,7.0444
2597,7.06238
2598,6.7829375
2599,6.7634406
2600,7.126389
2601,7.1096444
2602,7.095877
2603,7.1067243
2604,7.1106215
2605,6.725983
2606,6.755925
2607,7.112917
2608,7.1173587
2609,7.107948
2610,7.0946894
2611,7.122109
2612,6.6816278
2613,6.671602
2614,7.0309634
2615,7.0047555
2616,7.0169253
2617,7.034792
2618,7.0189943
2619,6.7237787
2620,6.6894774
2621,7.023511
2622,7.04432
2623,7.009083
2624,7.02159
2625,7.032881
2626,6.72321
2627,6.707421
2628,6.989091
2629,7.0103
2630,6.9899263
2631,6.9828577
2632,7.0099382
2633,6.7701125
2634,6.7330117
2635,7.0410404
2636,7.0725093
2637,7.0694947
2638,7.0709105
2639,7.071585
2640,6.694909
2641,6.717754
2642,7.0160236
2643,6.980725
2644,7.0174847
2645,7.0012746
2646,6.9989834
2647,6.704959
2648,6.723158
2649,7.0049667
2650,6.997598
2651,7.0495763
2652,7.0030603
2653,7.005216
2654,6.734797
2655,6.7376156
2656,7.0307612
2657,6.9903917
2658,6.9960384
2659,7.022031
2660,7.008445
2661,6.7586503
2662,6.7488174
2663,7.0706363
2664,7.067535
2665,7.0469475
2666,7.064563
2667,7.06071
2668,6.7841487
2669,6.738317
2670,6.997845
2671,7.001006
2672,7.0075355
2673,7.0117407
2674,7.002241
2675,6.727616
2676,6.7296085
2677,7.0400906
2678,7.035628
2679,7.051023
2680,7.0441732
2681,7.029638
2682,6.6509714
2683,6.717921
2684,6.981921
2685,6.994168
2686,6.9764924
2687,6.982062
2688,6.9462705
2689,6.7616234
2690,6.7405634
2691,6.925859
2692,6.97737
2693,6.957298
2694,6.946046
2695,6.9734087
2696,6.726669
2697,6.7216244
2698,7.0551972
2699,6.995448
2700,7.036059
2701,7.0261846
2702,7.033229
2703,6.6766977
2704,6.6916285
2705,7.0623407
2706,7.0824747
2707,7.0550857
2708,7.0723004
2709,7.049691
2710,6.7234435
2711,6.7150574
2712,6.9982443
2713,6.9962983
2714,6.9949746
2715,7.0083632
2716,6.9938154
2717,6.700095
2718,6.6843753
2719,7.01934
2720,7.076732
2721,7.05154
2722,7.0553026
2723,7.044793
2724,6.7066817
2725,6.751545
2726,7.035447
2727,7.05407
2728,7.0396543
2729,7.031876
2730,7.0203495
2731,6.7257133
2732,6.72505
2733,6.9980025
2734,6.9940476
2735,6.956257
2736,6.990213
2737,7.0070734
2738,6.6715174
2739,6.6872888
2740,7.0343323
2741,7.012601
2742,7.03374
2743,7.029998
2744,7.0258794
2745,6.727115
2746,6.723826
2747,7.0638685
2748,7.0731435
2749,7.0278134
2750,7.0685887
2751,7.068225
2752,6.6754875
2753,6.664811
2754,7.0495296
2755,7.0681467
2756,7.065664
2757,7.067417
2758,7.0728097
2759,6.754095
2760,6.7267437
2761,7.1279593
2762,7.1157913
2763,7.12104
2764,7.1111493
2765,7.110924
2766,6.6974425
2767,6.684831
2768,7.029141
2769,7.0179677
2770,7.0160174
2771,7.036713
2772,7.0268435
2773,6.769723
2774,6.7451205
2775,7.081033
2776,7.0622916
2777,7.0784044
2778,7.072705
2779,7.0624003
2780,6.7094884
2781,6.7085586
2782,7.1372523
2783,7.1371074
2784,7.1422153
2785,7.1398964
2786,7.162433
2787,6.729992
2788,6.7443175
2789,7.0765777
2790,7.102382
2791,7.096598
2792,7.0837007
2793,7.087152
2794,6.7587376
2795,6.71432
2796,7.1724854
2797,7.1762066
2798,7.1927996
2799,7.174739
2800,7.187701
2801,6.7286925
2802,6.708341
2803,7.2098403
2804,7.215052
2805,7.2097926
2806,7.176249
2807,7.1984725
2808,6.797968
2809,6.778863
2810,7.0576463
2811,7.074368
2812,7.0898743
2813,7.096692
2814,7.0908594
2815,6.7311854
2816,6.735794
2817,7.3367887
2818,7.304534
2819,7.3359704
2820,7.3318253
2821,7.3343825
2822,6.683081
2823,6.685738
2824,7.1182156
2825,7.1433907
2826,7.1199293
2827,7.1170654
2828,7.164525
2829,6.6872764
2830,6.675389
2831,7.123202
2832,7.140515
2833,7.1132627
2834,7.145008
2835,7.133006
2836,6.7632093
2837,6.7318473
2838,7.1586614
2839,7.1525235
2840,7.1543713
2841,7.1770535
2842,7.1712565
2843,6.690598
2844,6.697654
2845,7.2708387
2846,7.153587
2847,7.1032662
2848,7.0969796
2849,7.07494
2850,7.0906115
2851,6.7712445
2852,6.7688313
2853,7.162834
2854,7.1775684
2855,7.1380377
2856,7.172206
2857,7.166098
2858,6.7849336
2859,6.7557106
2860,7.250206
2861,7.2536664
2862,7.260863
2863,7.25566
2864,7.242493
2865,6.693109
2866,6.6883993
2867,7.320253
2868,7.313463
2869,7.3045273
2870,7.2501197
2871,7.311368
2872,6.7210813
2873,6.720736
2874,7.3024526
2875,7.3035617
2876,7.311963
2877,7.298719
2878,7.307058
2879,6.7348695
2880,6.7423525
2881,7.319906
2882,7.3067794
2883,7.3233643
2884,7.31481
2885,7.307906
2886,6.779492
2887,6.7297707
2888,7.1638465
2889,7.1763864
2890,7.1617556
2891,7.1643543
2892,7.1738505
2893,6.7622566
2894,6.7429614
2895,7.1872897
2896,7.2054143
2897,7.1829066
2898,7.1771846
2899,7.1736813
2900,6.7198424
2901,6.7354813
2902,7.181342
2903,7.1779437
2904,7.193816
2905,7.1879954
2906,7.1720824
2907,6.7064624
2908,6.714284
2909,7.1832767
2910,7.215277
2911,7.1911545
2912,7.191609
2913,7.183268
2914,6.7141657
2915,6.72063
2916,7.2074137
2917,7.20502
2918,7.1782746
2919,7.2197733
2920,7.2103066
2921,6.734533
2922,6.7320056
2923,7.18422
2924,7.1797247
2925,7.1805053
2926,7.1546884
2927,7.1545477
2928,6.706852
2929,6.677178
2930,7.0587835
2931,7.0822964
2932,7.0369325
2933,7.05011
2934,7.027192
2935,6.638981
2936,6.669701
2937,7.1049504
2938,7.0502954
2939,7.079322
2940,7.074656
2941,7.0860486
2942,6.7246313
2943,6.736474
2944,7.029358
2945,7.0483193
2946,7.0406895
2947,7.0426807
2948,7.0609894
2949,6.6920834
2950,6.708904
2951,7.104345
2952,7.0982356
2953,7.096897
2954,7.1034775
2955,7.083015
2956,6.718946
2957,6.7281528
2958,7.023447
2959,7.023829
2960,7.038194
2961,7.021649
2962,7.047812
2963,6.704013
2964,6.7647886
2965,7.1269083
2966,7.0850687
2967,7.0515666
2968,7.066448
2969,7.078841
2970,6.7455864
2971,6.7647586
2972,7.0843115
2973,7.0633445
2974,7.074017
2975,7.041099
2976,7.0574555
2977,6.7594733
2978,6.7488728
2979,6.9927173
2980,7.011013
2981,7.0050397
2982,6.9951334
2983,7.0146103
2984,6.7065372
2985,6.699558
2986,6.988987
2987,7.002974
2988,6.9845304
2989,6.9804583
2990,7.0077815
2991,6.672894
2992,6.6873193
2993,6.96136
2994,6.976867
2995,6.9638267
2996,7.027509
2997,7.024845
2998,6.658462
2999,6.6686845
3000,7.0361195
3001,7.030557
3002,7.034896
3003,7.032418
3004,7.0461254
3005,6.659292
3006,6.7084007
3007,6.968117
3008,6.9996624
3009,6.974113
3010,6.9946713
3011,6.9948916
3012,6.647259
3013,6.6942563
3014,6.9978848
3015,6.986278
3016,7.019262
3017,6.994015
3018,6.997127
3019,6.715059
3020,6.740333
3021,6.9311943
3022,6.939055
3023,6.9371343
3024,6.970489
3025,6.9896007
3026,6.72114
3027,6.6971807
3028,7.0349693
3029,7.0302277
3030,7.037654
3031,7.015053
3032,7.0208235
3033,6.715702
3034,6.7006445
3035,7.016414
3036,7.012208
3037,7.0107675
3038,7.0072837
3039,6.9996357
3040,6.6465125
3041,6.689551
3042,7.120058
3043,7.0732417
3044,7.0681
3045,7.0876713
3046,7.0671954
3047,6.723248
3048,6.7267275
3049,7.0044174
3050,7.0097184
3051,7.02027
3052,6.9992094
3053,6.995481
3054,6.8174224
3055,6.7798815
3056,6.997466
3057,7.0031624
3058,6.9854393
3059,7.0187826
3060,7.004783
3061,6.705233
3062,6.7612
3063,7.0188527
3064,7.027311
3065,7.0357423
3066,7.0085382
3067,7.0212083
3068,6.7775993
3069,6.7603374
3070,6.99465
3071,6.9941797
3072,7.0032973
3073,6.9962425
3074,7.018209
3075,6.716875
3076,6.735362
3077,6.9709888
3078,6.9906683
3079,6.9795237
3080,6.9718876
3081,6.992245
3082,6.7149763
3083,6.707671
3084,7.004491
3085,7.020814
3086,7.0191126
3087,7.0224676
3088,7.0334835
3089,6.7007704
3090,6.699951
3091,7.0006757
3092,6.9954615
3093,7.0038905
3094,7.0051417
3095,7.001046
3096,6.6658206
3097,6.7024064
3098,7.062316
3099,7.067419
3100,7.044828
3101,7.038629
3102,7.0319524
3103,6.68455
3104,6.665988
3105,7.0809956
3106,7.1017838
3107,7.078792
3108,7.1001906
3109,7.079382
3110,6.723785
3111,6.722777
3112,7.0733337
3113,7.057184
3114,7.0775537
3115,7.07076
3116,7.08708
3117,6.7124496
3118,6.750063
3119,7.0493126
3120,7.036576
3121,7.0539346
3122,7.064443
3123,7.064734
3124,6.763306
3125,6.744541
3126,7.154105
3127,7.1661515
3128,7.127216
3129,7.142158
3130,7.13171
3131,6.722625
3132,6.729701
3133,7.0426593
3134,7.0261664
3135,7.033455
3136,7.0284204
3137,7.055406
3138,6.733128
3139,6.711798
3140,7.186006
3141,7.1812043
3142,7.155537
3143,7.145509
3144,7.1768913
3145,6.7094464
3146,6.6966476
3147,7.11701
3148,7.1296926
3149,7.120098
3150,7.1193295
3151,7.129509
3152,6.734747
3153,6.72357
3154,7.029814
3155,7.02359
3156,7.004026
3157,7.022335
3158,7.017132
3159,6.726218
3160,6.7448144
3161,7.3131185
3162,7.325045
3163,7.301793
3164,7.3094387
3165,7.313338
3166,6.744029
3167,6.732636
3168,7.1955066
3169,7.1874547
3170,7.198026
3171,7.1874547
3172,7.186535
3173,6.7543497
3174,6.751255
3175,7.1570125
3176,7.1674223
3177,7.165241
3178,7.155584
3179,7.175516
3180,6.721689
3181,6.718399
3182,7.2343507
3183,7.2521353
3184,7.2663317
3185,7.2671766
3186,7.2577176
3187,6.6759896
3188,6.690307
3189,7.1817007
3190,7.1820693
3191,7.200483
3192,7.194288
3193,7.19469
3194,6.7318006
3195,6.7394266
3196,7.181388
3197,7.1526585
3198,7.164682
3199,7.1677923
3200,7.1611357
3201,6.7658954
3202,6.766335
3203,7.188257
3204,7.209333
3205,7.2035155
3206,7.2052493
3207,7.196017
3208,6.7426124
3209,6.742558
3210,7.28621
3211,7.193221
3212,7.095789
3213,7.147206
3214,7.100435
3215,7.1362715
3216,6.7919044
3217,6.777364
3218,7.14138
3219,7.138373
3220,7.108793
3221,7.127775
3222,7.1144724
3223,6.7358556
3224,6.7192774
3225,7.1862993
3226,7.192207
3227,7.180279
3228,7.166895
3229,7.20588
3230,6.6526294
3231,6.640503
3232,7.2911205
3233,7.288705
3234,7.241332
3235,7.288372
3236,7.263677
3237,6.801759
3238,6.785049
3239,7.280937
3240,7.2869887
3241,7.282659
3242,7.3010187
3243,7.279724
3244,6.738448
3245,6.7422457
3246,7.24125
3247,7.233779
3248,7.2332788
3249,7.2029305
3250,7.2467933
3251,6.706398
3252,6.7189817
3253,7.1345377
3254,7.15204
3255,7.14202
3256,7.1269903
3257,7.1621375
3258,6.7604423
3259,6.7720184
3260,7.1134677
3261,7.1354856
3262,7.1636963
3263,7.1587067
3264,7.146217
3265,6.7058854
3266,6.6833754
3267,7.143688
3268,7.139348
3269,7.1274266
3270,7.153727
3271,7.162801
3272,6.7507524
3273,6.732116
3274,7.1207695
3275,7.121573
3276,7.1191626
3277,7.114666
3278,7.1243463
3279,6.706939
3280,6.686821
3281,7.092136
3282,7.0813317
3283,7.070281
3284,7.1231427
3285,7.0934343
3286,6.732502
3287,6.7734165
3288,7.270439
3289,7.2164416
3290,7.2539515
3291,7.205589
3292,7.2456264
3293,6.678481
3294,6.675788
3295,7.1725483
3296,7.164361
3297,7.142253
3298,7.1551185
3299,7.127367
3300,6.682801
3301,6.680761
3302,7.1165934
3303,7.1153307
3304,7.106894
3305,7.103155
3306,7.0934615
3307,6.7011366
3308,6.6999197
3309,7.055603
3310,7.0391927
3311,7.0453696
3312,7.0454335
3313,7.08371
3314,6.7069097
3315,6.682897
3316,7.0891204
3317,7.0828137
3318,7.105116
3319,7.0610766
3320,7.0707693
3321,6.7196493
3322,6.7214994
3323,7.109005
3324,7.0853014
3325,7.104655
3326,7.130518
3327,7.126306
3328,6.747716
3329,6.7379932
3330,7.1003776
3331,7.10293
3332,7.1251984
3333,7.0925326
3334,7.093717
3335,6.729641
3336,6.7115493
3337,7.09348
3338,7.103714
3339,7.0910287
3340,7.1133213
3341,7.12117
3342,6.6650057
3343,6.671962
3344,7.0306454
3345,7.034077
3346,7.014073
3347,7.025682
3348,7.0392194
3349,6.7019553
3350,6.680423
3351,7.016777
3352,7.012501
3353,7.0121737
3354,6.981432
3355,7.005886
3356,6.7266808
3357,6.7230005
3358,7.074031
3359,7.1036882
3360,7.0692925
3361,7.0710173
3362,7.0783114
3363,6.7311487
3364,6.721654
3365,7.017132
3366,7.025095
3367,7.0067415
3368,7.038243
3369,7.0320225
3370,6.693125
3371,6.709526
3372,7.0224214
3373,7.0418496
3374,7.041604
3375,7.019338
3376,7.0189505
3377,6.733557
3378,6.7599177
3379,7.0530643
3380,7.036063
3381,7.052023
3382,7.056492
3383,7.053072
3384,6.7477465
3385,6.708369
3386,7.0263376
3387,7.0146914
3388,7.0061975
3389,7.0094943
3390,6.989583
3391,6.6808767
3392,6.6878047
3393,7.0032372
3394,6.993158
3395,7.0003858
3396,6.989336
3397,6.96573
3398,6.7270985
3399,6.7083516
3400,6.9927154
3401,6.9935746
3402,6.9774837
3403,6.989363
3404,6.9950304
3405,6.7292333
3406,6.7532783
3407,7.070469
3408,7.0594134
3409,7.0217896
3410,7.052039
3411,7.041359
3412,6.6989713
3413,6.7017407
3414,7.0104146
3415,6.990374
3416,6.9969635
3417,6.988816
3418,6.9919047
3419,6.6803284
3420,6.678074
3421,7.0189495
3422,7.022037
3423,7.033504
3424,7.026045
3425,7.035582
3426,6.733761
3427,6.7243185
3428,6.9725547
3429,6.9872737
3430,7.01929
3431,6.986354
3432,6.9789705
3433,6.6776333
3434,6.6858416
3435,7.0080786
3436,7.020333
3437,7.009426
3438,7.0174084
3439,6.997261
3440,6.7222505
3441,6.704094
3442,7.032203
3443,7.0385118
3444,7.0104356
3445,7.034551
3446,7.0120254
3447,6.695441
3448,6.715312
3449,7.0660753
3450,7.0382204
3451,7.0376635
3452,7.0464587
3453,7.057944
3454,6.689206
3455,6.674566
3456,7.041884
3457,7.0655355
3458,7.028667
3459,7.0519285
3460,7.059404
3461,6.634424
3462,6.638523
3463,7.018523
3464,7.0278325
3465,7.0147915
3466,7.044597
3467,6.9903507
3468,6.7248673
3469,6.7021484
3470,7.0368705
3471,7.0334787
3472,7.050717
3473,7.033703
3474,7.048751
3475,6.715098
3476,6.722415
3477,7.0174346
3478,7.016097
3479,7.0103703
3480,7.0146604
3481,6.994885
3482,6.729941
3483,6.716585
3484,7.0418267
3485,7.0471296
3486,7.0667024
3487,7.0617876
3488,7.065709
3489,6.7660675
3490,6.7713723
3491,7.100671
3492,7.1589994
3493,7.1402326
3494,7.1387076
3495,7.1229386
3496,6.788019
3497,6.724519
3498,6.994561
3499,6.994504
3500,7.0299816
3501,7.003921
3502,7.0015244
3503,6.7157907
3504,6.717533
3505,7.122017
3506,7.1037245
3507,7.1085615
3508,7.1153264
3509,7.103524
3510,6.6527123
3511,6.670517
3512,7.0665703
3513,7.042381
3514,7.042394
3515,7.021036
3516,7.0935187
3517,6.755503
3518,6.713259
3519,7.1491547
3520,7.152533
3521,7.1287174
3522,7.1642265
3523,7.15331
3524,6.7265253
3525,6.7079844
3526,7.168052
3527,7.168558
3528,7.1652822
3529,7.1690073
3530,7.1721787
3531,6.726609
3532,6.740419
3533,7.1943054
3534,7.2144313
3535,7.194975
3536,7.2076817
3537,7.1911345
3538,6.707178
3539,6.709922
3540,7.182726
3541,7.169576
3542,7.1882486
3543,7.187454
3544,7.173553
3545,6.689817
3546,6.6686974
3547,7.230477
3548,7.232693
3549,7.2285786
3550,7.2409496
3551,7.244275
3552,6.6808343
3553,6.6110134
3554,7.1497545
3555,7.1549034
3556,7.1459985
3557,7.1603165
3558,7.1611133
3559,6.704177
3560,6.7297773
3561,7.2437253
3562,7.2264147
3563,7.2164307
3564,7.222278
3565,7.2138257
3566,6.719954
3567,6.7387753
3568,7.162296
3569,7.1671915
3570,7.1857867
3571,7.157124
3572,7.1676784
3573,6.765728
3574,6.7875886
3575,7.1847463
3576,7.1418605
3577,7.3343744
3578,7.332794
3579,7.334472
3580,7.335073
3581,6.7831745
3582,6.791775
3583,7.320319
3584,7.3110657
3585,7.2963715
3586,7.296006
3587,7.3087926
3588,6.801028
3589,6.7780523
3590,7.2664394
3591,7.261269
3592,7.2709317
3593,7.2554655
3594,7.262058
3595,6.745032
3596,6.7146044
3597,7.2859173
3598,7.303428
3599,7.30601
3600,7.292739
3601,7.303866
3602,6.7273693
3603,6.737419
3604,7.3316593
3605,7.343902
3606,7.3289437
3607,7.322475
3608,7.3450847
3609,6.7702317
3610,6.78357
3611,7.281644
3612,7.2871056
3613,7.277266
3614,7.2788396
3615,7.276402
3616,6.809392
3617,6.791438
3618,7.2191434
3619,7.2150545
3620,7.192203
3621,7.21481
3622,7.213917
3623,6.7603035
3624,6.7623324
3625,7.3710136
3626,7.3581085
3627,7.359367
3628,7.360314
3629,7.359152
3630,6.7428064
3631,6.7534413
3632,7.3798075
3633,7.3670173
3634,7.3657236
3635,7.3682327
3636,7.3657646
3637,6.7467966
3638,6.755519
3639,7.195342
3640,7.1878796
3641,7.176618
3642,7.1721582
3643,7.1685524
3644,6.736541
3645,6.7445197
3646,7.1855
3647,7.23024
3648,7.1923437
3649,7.197904
3650,7.2123575
3651,6.646978
3652,6.619101
3653,7.2627277
3654,7.2620764
3655,7.231651
3656,7.2468014
3657,7.253748
3658,6.7832537
3659,6.7166247
3660,7.2066393
3661,7.210849
3662,7.210992
3663,7.2079473
3664,7.187278
3665,6.774441
3666,6.7716417
3667,7.1147547
3668,7.100553
3669,7.10762
3670,7.120675
3671,7.1203337
3672,6.655061
3673,6.6802597
3674,7.0687947
3675,7.0737166
3676,7.0746107
3677,7.0812154
3678,7.1358786
3679,6.724032
3680,6.7085295
3681,7.0945525
3682,7.0615883
3683,7.052812
3684,7.0185943
3685,7.0229855
3686,6.621388
3687,6.6736217
3688,6.982658
3689,6.9832506
3690,6.9811773
3691,6.980149
3692,6.986876
3693,6.73817
3694,6.740561
3695,7.0662227
3696,7.0948706
3697,7.068604
3698,7.065813
3699,7.0576406
3700,6.6624084
3701,6.679847
3702,7.1893935
3703,7.1690373
3704,7.172226
3705,7.1444783
3706,7.119219
3707,6.716742
3708,6.7213836
3709,7.147668
3710,7.1288667
3711,7.1360393
3712,7.13458
3713,7.120975
3714,6.7607746
3715,6.7488527
3716,7.0956974
3717,7.124259
3718,7.1241775
3719,7.129184
3720,7.066552
3721,6.670177
3722,6.717529
3723,7.027404
3724,7.040534
3725,7.0499344
3726,7.032161
3727,7.036295
3728,6.635182
3729,6.684891
3730,6.986348
3731,6.993412
3732,6.9722605
3733,6.9883604
3734,6.9951534
3735,6.764944
3736,6.701971
3737,7.0067806
3738,6.9956293
3739,7.0207634
3740,7.0404153
3741,7.0038915
3742,6.755973
3743,6.719428
3744,7.0348954
3745,7.0201416
3746,7.020467
3747,7.0260983
3748,7.0296526
3749,6.6841516
3750,6.6848707
3751,6.9174347
3752,6.9569063
3753,6.9321856
3754,6.895027
3755,6.972743
3756,6.660109
3757,6.717271
3758,7.035199
3759,7.005155
3760,7.034356
3761,7.036237
3762,7.019378
3763,6.701761
3764,6.7169104
3765,7.023462
3766,7.0354447
3767,7.041353
3768,7.0557914
3769,7.0434537
3770,6.738852
3771,6.728228
3772,7.0230155
3773,7.0123243
3774,7.0294046
3775,7.0265646
3776,7.022198
3777,6.694431
3778,6.6817493
3779,6.9798603
3780,6.9704947
3781,6.9470086
3782,6.9676423
3783,6.9825273
3784,6.6359615
3785,6.698854
3786,7.0211945
3787,7.02769
3788,7.033308
3789,7.002625
3790,7.0252686
3791,6.707051
3792,6.695913
3793,6.977665
3794,6.9796953
3795,7.0139046
3796,6.997002
3797,6.9684987
3798,6.8342714
3799,6.804808
3800,7.0117164
3801,7.0163136
3802,7.0102806
3803,7.017462
3804,7.009596
3805,6.727153
3806,6.718408
3807,7.0006905
3808,7.0146165
3809,7.0107913
3810,7.007401
3811,7.021482
3812,6.7768703
3813,6.76317
3814,6.9417086
3815,6.9595346
3816,6.9416347
3817,6.969817
3818,6.9721465
3819,6.7624474
3820,6.7525773
3821,6.9992523
3822,7.0023513
3823,6.981003
3824,7.029895
3825,7.0121446
3826,6.701519
3827,6.715123
3828,7.061227
3829,7.0956917
3830,7.0680394
3831,7.0622954
3832,7.0478578
3833,6.735884
3834,6.7329645
3835,6.998402
3836,6.99199
3837,7.001679
3838,7.02805
3839,7.0184355
3840,6.6865735
3841,6.6940107
3842,7.093486
3843,7.08471
3844,7.0712514
3845,7.0981784
3846,7.098378
3847,6.764273
3848,6.7329283
3849,7.012407
3850,7.0160503
3851,7.048778
3852,7.04366
3853,7.02684
3854,6.6961975
3855,6.7219353
3856,7.0957084
3857,7.0921917
3858,7.090097
3859,7.1381106
3860,7.1063457
3861,6.7528954
3862,6.7247677
3863,7.1111684
3864,7.1022162
3865,7.116613
3866,7.1124105
3867,7.1117864
3868,6.7274375
3869,6.7562656
3870,7.0898404
3871,7.104543
3872,7.082868
3873,7.0769424
3874,7.0910525
3875,6.7178845
3876,6.743854
3877,7.1649146
3878,7.1606607
3879,7.173959
3880,7.178164
3881,7.147041
3882,6.693188
3883,6.6684856
3884,7.1299725
3885,7.1541343
3886,7.1498885
3887,7.1629395
3888,7.1648464
3889,6.7615685
3890,6.7410107
3891,7.2953024
3892,7.2957945
3893,7.3078833
3894,7.303267
3895,7.3166814
3896,6.7315397
3897,6.7110624
3898,7.1551843
3899,7.184859
3900,7.1698856
3901,7.141631
3902,7.1582007
3903,6.698176
3904,6.702297
3905,7.196974
3906,7.174596
3907,7.2227864
3908,7.1985397
3909,7.2180333
3910,6.761242
3911,6.7584205
3912,7.205738
3913,7.2066617
3914,7.2008777
3915,7.1879773
3916,7.1971684
3917,6.82133
3918,6.7539535
3919,7.2536736
3920,7.246418
3921,7.266378
3922,7.261303
3923,7.2675433
3924,6.7102985
3925,6.70504
3926,7.2751536
3927,7.2769904
3928,7.2822433
3929,7.248025
3930,7.2690897
3931,6.746128
3932,6.7446136
3933,7.282402
3934,7.278181
3935,7.2802954
3936,7.2650523
3937,7.2515874
3938,6.721474
3939,6.69864
3940,7.311697
3941,7.290711
